reference,year,number,name,date,time,circuit_id
1,2009,1,Australian Grand Prix,2009-03-29,06:00:00,1
2,2009,2,Malaysian Grand Prix,2009-04-05,09:00:00,2
3,2009,3,Chinese Grand Prix,2009-04-19,07:00:00,17
4,2009,4,Bahrain Grand Prix,2009-04-26,12:00:00,3
5,2009,5,Spanish Grand Prix,2009-05-10,12:00:00,4
6,2009,6,Monaco Grand Prix,2009-05-24,12:00:00,6
7,2009,7,Turkish Grand Prix,2009-06-07,12:00:00,5
8,2009,8,British Grand Prix,2009-06-21,12:00:00,9
9,2009,9,German Grand Prix,2009-07-12,12:00:00,20
10,2009,10,Hungarian Grand Prix,2009-07-26,12:00:00,11
11,2009,11,European Grand Prix,2009-08-23,12:00:00,12
12,2009,12,Belgian Grand Prix,2009-08-30,12:00:00,13
13,2009,13,Italian Grand Prix,2009-09-13,12:00:00,14
14,2009,14,Singapore Grand Prix,2009-09-27,12:00:00,15
15,2009,15,Japanese Grand Prix,2009-10-04,05:00:00,22
16,2009,16,Brazilian Grand Prix,2009-10-18,16:00:00,18
17,2009,17,Abu Dhabi Grand Prix,2009-11-01,11:00:00,24
18,2008,1,Australian Grand Prix,2008-03-16,04:30:00,1
19,2008,2,Malaysian Grand Prix,2008-03-23,07:00:00,2
20,2008,3,Bahrain Grand Prix,2008-04-06,11:30:00,3
21,2008,4,Spanish Grand Prix,2008-04-27,12:00:00,4
22,2008,5,Turkish Grand Prix,2008-05-11,12:00:00,5
23,2008,6,Monaco Grand Prix,2008-05-25,12:00:00,6
24,2008,7,Canadian Grand Prix,2008-06-08,17:00:00,7
25,2008,8,French Grand Prix,2008-06-22,12:00:00,8
26,2008,9,British Grand Prix,2008-07-06,12:00:00,9
27,2008,10,German Grand Prix,2008-07-20,12:00:00,10
28,2008,11,Hungarian Grand Prix,2008-08-03,12:00:00,11
29,2008,12,European Grand Prix,2008-08-24,12:00:00,12
30,2008,13,Belgian Grand Prix,2008-09-07,12:00:00,13
31,2008,14,Italian Grand Prix,2008-09-14,12:00:00,14
32,2008,15,Singapore Grand Prix,2008-09-28,12:00:00,15
33,2008,16,Japanese Grand Prix,2008-10-12,04:30:00,16
34,2008,17,Chinese Grand Prix,2008-10-19,07:00:00,17
35,2008,18,Brazilian Grand Prix,2008-11-02,17:00:00,18
36,2007,1,Australian Grand Prix,2007-03-18,03:00:00,1
37,2007,2,Malaysian Grand Prix,2007-04-08,07:00:00,2
38,2007,3,Bahrain Grand Prix,2007-04-15,11:30:00,3
39,2007,4,Spanish Grand Prix,2007-05-13,12:00:00,4
40,2007,5,Monaco Grand Prix,2007-05-27,12:00:00,6
41,2007,6,Canadian Grand Prix,2007-06-10,17:00:00,7
42,2007,7,United States Grand Prix,2007-06-17,17:00:00,19
43,2007,8,French Grand Prix,2007-07-01,12:00:00,8
44,2007,9,British Grand Prix,2007-07-08,12:00:00,9
45,2007,10,European Grand Prix,2007-07-22,12:00:00,20
46,2007,11,Hungarian Grand Prix,2007-08-05,12:00:00,11
47,2007,12,Turkish Grand Prix,2007-08-26,12:00:00,5
48,2007,13,Italian Grand Prix,2007-09-09,12:00:00,14
49,2007,14,Belgian Grand Prix,2007-09-16,12:00:00,13
50,2007,15,Japanese Grand Prix,2007-09-30,04:30:00,16
51,2007,16,Chinese Grand Prix,2007-10-07,06:00:00,17
52,2007,17,Brazilian Grand Prix,2007-10-21,16:00:00,18
53,2006,1,Bahrain Grand Prix,2006-03-12,14:30:00,3
54,2006,2,Malaysian Grand Prix,2006-03-19,15:00:00,2
55,2006,3,Australian Grand Prix,2006-04-02,14:00:00,1
56,2006,4,San Marino Grand Prix,2006-04-23,14:00:00,21
57,2006,5,European Grand Prix,2006-05-07,14:00:00,20
58,2006,6,Spanish Grand Prix,2006-05-14,14:00:00,4
59,2006,7,Monaco Grand Prix,2006-05-28,14:00:00,6
60,2006,8,British Grand Prix,2006-06-11,12:00:00,9
61,2006,9,Canadian Grand Prix,2006-06-25,13:00:00,7
62,2006,10,United States Grand Prix,2006-07-02,14:00:00,19
63,2006,11,French Grand Prix,2006-07-16,14:00:00,8
64,2006,12,German Grand Prix,2006-07-30,14:00:00,10
65,2006,13,Hungarian Grand Prix,2006-08-06,14:00:00,11
66,2006,14,Turkish Grand Prix,2006-08-27,15:00:00,5
67,2006,15,Italian Grand Prix,2006-09-10,14:00:00,14
68,2006,16,Chinese Grand Prix,2006-10-01,14:00:00,17
69,2006,17,Japanese Grand Prix,2006-10-08,14:00:00,22
70,2006,18,Brazilian Grand Prix,2006-10-22,14:00:00,18
71,2005,1,Australian Grand Prix,2005-03-06,14:00:00,1
72,2005,2,Malaysian Grand Prix,2005-03-20,15:00:00,2
73,2005,3,Bahrain Grand Prix,2005-04-03,14:30:00,3
74,2005,4,San Marino Grand Prix,2005-04-24,14:00:00,21
75,2005,5,Spanish Grand Prix,2005-05-08,14:00:00,4
76,2005,6,Monaco Grand Prix,2005-05-22,14:00:00,6
77,2005,7,European Grand Prix,2005-05-29,14:00:00,20
78,2005,8,Canadian Grand Prix,2005-06-12,13:00:00,7
79,2005,9,United States Grand Prix,2005-06-19,14:00:00,19
80,2005,10,French Grand Prix,2005-07-03,14:00:00,8
81,2005,11,British Grand Prix,2005-07-10,14:00:00,9
82,2005,12,German Grand Prix,2005-07-24,14:00:00,10
83,2005,13,Hungarian Grand Prix,2005-07-31,14:00:00,11
84,2005,14,Turkish Grand Prix,2005-08-21,15:00:00,5
85,2005,15,Italian Grand Prix,2005-09-04,14:00:00,14
86,2005,16,Belgian Grand Prix,2005-09-11,14:00:00,13
87,2005,17,Brazilian Grand Prix,2005-09-25,14:00:00,18
88,2005,18,Japanese Grand Prix,2005-10-09,14:00:00,22
89,2005,19,Chinese Grand Prix,2005-10-16,14:00:00,17
90,2004,1,Australian Grand Prix,2004-03-07,\N,1
91,2004,2,Malaysian Grand Prix,2004-03-21,\N,2
92,2004,3,Bahrain Grand Prix,2004-04-04,\N,3
93,2004,4,San Marino Grand Prix,2004-04-25,\N,21
94,2004,5,Spanish Grand Prix,2004-05-09,\N,4
95,2004,6,Monaco Grand Prix,2004-05-23,\N,6
96,2004,7,European Grand Prix,2004-05-30,\N,20
97,2004,8,Canadian Grand Prix,2004-06-13,\N,7
98,2004,9,United States Grand Prix,2004-06-20,\N,19
99,2004,10,French Grand Prix,2004-07-04,\N,8
100,2004,11,British Grand Prix,2004-07-11,\N,9
101,2004,12,German Grand Prix,2004-07-25,\N,10
102,2004,13,Hungarian Grand Prix,2004-08-15,\N,11
103,2004,14,Belgian Grand Prix,2004-08-29,\N,13
104,2004,15,Italian Grand Prix,2004-09-12,\N,14
105,2004,16,Chinese Grand Prix,2004-09-26,\N,17
106,2004,17,Japanese Grand Prix,2004-10-10,\N,22
107,2004,18,Brazilian Grand Prix,2004-10-24,\N,18
108,2003,1,Australian Grand Prix,2003-03-09,\N,1
109,2003,2,Malaysian Grand Prix,2003-03-23,\N,2
110,2003,3,Brazilian Grand Prix,2003-04-06,\N,18
111,2003,4,San Marino Grand Prix,2003-04-20,\N,21
112,2003,5,Spanish Grand Prix,2003-05-04,\N,4
113,2003,6,Austrian Grand Prix,2003-05-18,\N,70
114,2003,7,Monaco Grand Prix,2003-06-01,\N,6
115,2003,8,Canadian Grand Prix,2003-06-15,\N,7
116,2003,9,European Grand Prix,2003-06-29,\N,20
117,2003,10,French Grand Prix,2003-07-06,\N,8
118,2003,11,British Grand Prix,2003-07-20,\N,9
119,2003,12,German Grand Prix,2003-08-03,\N,10
120,2003,13,Hungarian Grand Prix,2003-08-24,\N,11
121,2003,14,Italian Grand Prix,2003-09-14,\N,14
122,2003,15,United States Grand Prix,2003-09-28,\N,19
123,2003,16,Japanese Grand Prix,2003-10-12,\N,22
124,2002,1,Australian Grand Prix,2002-03-03,\N,1
125,2002,2,Malaysian Grand Prix,2002-03-17,\N,2
126,2002,3,Brazilian Grand Prix,2002-03-31,\N,18
127,2002,4,San Marino Grand Prix,2002-04-14,\N,21
128,2002,5,Spanish Grand Prix,2002-04-28,\N,4
129,2002,6,Austrian Grand Prix,2002-05-12,\N,70
130,2002,7,Monaco Grand Prix,2002-05-26,\N,6
131,2002,8,Canadian Grand Prix,2002-06-09,\N,7
132,2002,9,European Grand Prix,2002-06-23,\N,20
133,2002,10,British Grand Prix,2002-07-07,\N,9
134,2002,11,French Grand Prix,2002-07-21,\N,8
135,2002,12,German Grand Prix,2002-07-28,\N,10
136,2002,13,Hungarian Grand Prix,2002-08-18,\N,11
137,2002,14,Belgian Grand Prix,2002-09-01,\N,13
138,2002,15,Italian Grand Prix,2002-09-15,\N,14
139,2002,16,United States Grand Prix,2002-09-29,\N,19
140,2002,17,Japanese Grand Prix,2002-10-13,\N,22
141,2001,1,Australian Grand Prix,2001-03-04,\N,1
142,2001,2,Malaysian Grand Prix,2001-03-18,\N,2
143,2001,3,Brazilian Grand Prix,2001-04-01,\N,18
144,2001,4,San Marino Grand Prix,2001-04-15,\N,21
145,2001,5,Spanish Grand Prix,2001-04-29,\N,4
146,2001,6,Austrian Grand Prix,2001-05-13,\N,70
147,2001,7,Monaco Grand Prix,2001-05-27,\N,6
148,2001,8,Canadian Grand Prix,2001-06-10,\N,7
149,2001,9,European Grand Prix,2001-06-24,\N,20
150,2001,10,French Grand Prix,2001-07-01,\N,8
151,2001,11,British Grand Prix,2001-07-15,\N,9
152,2001,12,German Grand Prix,2001-07-29,\N,10
153,2001,13,Hungarian Grand Prix,2001-08-19,\N,11
154,2001,14,Belgian Grand Prix,2001-09-02,\N,13
155,2001,15,Italian Grand Prix,2001-09-16,\N,14
156,2001,16,United States Grand Prix,2001-09-30,\N,19
157,2001,17,Japanese Grand Prix,2001-10-14,\N,22
158,2000,1,Australian Grand Prix,2000-03-12,\N,1
159,2000,2,Brazilian Grand Prix,2000-03-26,\N,18
160,2000,3,San Marino Grand Prix,2000-04-09,\N,21
161,2000,4,British Grand Prix,2000-04-23,\N,9
162,2000,5,Spanish Grand Prix,2000-05-07,\N,4
163,2000,6,European Grand Prix,2000-05-21,\N,20
164,2000,7,Monaco Grand Prix,2000-06-04,\N,6
165,2000,8,Canadian Grand Prix,2000-06-18,\N,7
166,2000,9,French Grand Prix,2000-07-02,\N,8
167,2000,10,Austrian Grand Prix,2000-07-16,\N,70
168,2000,11,German Grand Prix,2000-07-30,\N,10
169,2000,12,Hungarian Grand Prix,2000-08-13,\N,11
170,2000,13,Belgian Grand Prix,2000-08-27,\N,13
171,2000,14,Italian Grand Prix,2000-09-10,\N,14
172,2000,15,United States Grand Prix,2000-09-24,\N,19
173,2000,16,Japanese Grand Prix,2000-10-08,\N,22
174,2000,17,Malaysian Grand Prix,2000-10-22,\N,2
175,1999,1,Australian Grand Prix,1999-03-07,\N,1
176,1999,2,Brazilian Grand Prix,1999-04-11,\N,18
177,1999,3,San Marino Grand Prix,1999-05-02,\N,21
178,1999,4,Monaco Grand Prix,1999-05-16,\N,6
179,1999,5,Spanish Grand Prix,1999-05-30,\N,4
180,1999,6,Canadian Grand Prix,1999-06-13,\N,7
181,1999,7,French Grand Prix,1999-06-27,\N,8
182,1999,8,British Grand Prix,1999-07-11,\N,9
183,1999,9,Austrian Grand Prix,1999-07-25,\N,70
184,1999,10,German Grand Prix,1999-08-01,\N,10
185,1999,11,Hungarian Grand Prix,1999-08-15,\N,11
186,1999,12,Belgian Grand Prix,1999-08-29,\N,13
187,1999,13,Italian Grand Prix,1999-09-12,\N,14
188,1999,14,European Grand Prix,1999-09-26,\N,20
189,1999,15,Malaysian Grand Prix,1999-10-17,\N,2
190,1999,16,Japanese Grand Prix,1999-10-31,\N,22
191,1998,1,Australian Grand Prix,1998-03-08,\N,1
192,1998,2,Brazilian Grand Prix,1998-03-29,\N,18
193,1998,3,Argentine Grand Prix,1998-04-12,\N,25
194,1998,4,San Marino Grand Prix,1998-04-26,\N,21
195,1998,5,Spanish Grand Prix,1998-05-10,\N,4
196,1998,6,Monaco Grand Prix,1998-05-24,\N,6
197,1998,7,Canadian Grand Prix,1998-06-07,\N,7
198,1998,8,French Grand Prix,1998-06-28,\N,8
199,1998,9,British Grand Prix,1998-07-12,\N,9
200,1998,10,Austrian Grand Prix,1998-07-26,\N,70
201,1998,11,German Grand Prix,1998-08-02,\N,10
202,1998,12,Hungarian Grand Prix,1998-08-16,\N,11
203,1998,13,Belgian Grand Prix,1998-08-30,\N,13
204,1998,14,Italian Grand Prix,1998-09-13,\N,14
205,1998,15,Luxembourg Grand Prix,1998-09-27,\N,20
206,1998,16,Japanese Grand Prix,1998-11-01,\N,22
207,1997,1,Australian Grand Prix,1997-03-09,\N,1
208,1997,2,Brazilian Grand Prix,1997-03-30,\N,18
209,1997,3,Argentine Grand Prix,1997-04-13,\N,25
210,1997,4,San Marino Grand Prix,1997-04-27,\N,21
211,1997,5,Monaco Grand Prix,1997-05-11,\N,6
212,1997,6,Spanish Grand Prix,1997-05-25,\N,4
213,1997,7,Canadian Grand Prix,1997-06-15,\N,7
214,1997,8,French Grand Prix,1997-06-29,\N,8
215,1997,9,British Grand Prix,1997-07-13,\N,9
216,1997,10,German Grand Prix,1997-07-27,\N,10
217,1997,11,Hungarian Grand Prix,1997-08-10,\N,11
218,1997,12,Belgian Grand Prix,1997-08-24,\N,13
219,1997,13,Italian Grand Prix,1997-09-07,\N,14
220,1997,14,Austrian Grand Prix,1997-09-21,\N,70
221,1997,15,Luxembourg Grand Prix,1997-09-28,\N,20
222,1997,16,Japanese Grand Prix,1997-10-12,\N,22
223,1997,17,European Grand Prix,1997-10-26,\N,26
224,1996,1,Australian Grand Prix,1996-03-10,\N,1
225,1996,2,Brazilian Grand Prix,1996-03-31,\N,18
226,1996,3,Argentine Grand Prix,1996-04-07,\N,25
227,1996,4,European Grand Prix,1996-04-28,\N,20
228,1996,5,San Marino Grand Prix,1996-05-05,\N,21
229,1996,6,Monaco Grand Prix,1996-05-19,\N,6
230,1996,7,Spanish Grand Prix,1996-06-02,\N,4
231,1996,8,Canadian Grand Prix,1996-06-16,\N,7
232,1996,9,French Grand Prix,1996-06-30,\N,8
233,1996,10,British Grand Prix,1996-07-14,\N,9
234,1996,11,German Grand Prix,1996-07-28,\N,10
235,1996,12,Hungarian Grand Prix,1996-08-11,\N,11
236,1996,13,Belgian Grand Prix,1996-08-25,\N,13
237,1996,14,Italian Grand Prix,1996-09-08,\N,14
238,1996,15,Portuguese Grand Prix,1996-09-22,\N,27
239,1996,16,Japanese Grand Prix,1996-10-13,\N,22
240,1995,1,Brazilian Grand Prix,1995-03-26,\N,18
241,1995,2,Argentine Grand Prix,1995-04-09,\N,25
242,1995,3,San Marino Grand Prix,1995-04-30,\N,21
243,1995,4,Spanish Grand Prix,1995-05-14,\N,4
244,1995,5,Monaco Grand Prix,1995-05-28,\N,6
245,1995,6,Canadian Grand Prix,1995-06-11,\N,7
246,1995,7,French Grand Prix,1995-07-02,\N,8
247,1995,8,British Grand Prix,1995-07-16,\N,9
248,1995,9,German Grand Prix,1995-07-30,\N,10
249,1995,10,Hungarian Grand Prix,1995-08-13,\N,11
250,1995,11,Belgian Grand Prix,1995-08-27,\N,13
251,1995,12,Italian Grand Prix,1995-09-10,\N,14
252,1995,13,Portuguese Grand Prix,1995-09-24,\N,27
253,1995,14,European Grand Prix,1995-10-01,\N,20
254,1995,15,Pacific Grand Prix,1995-10-22,\N,28
255,1995,16,Japanese Grand Prix,1995-10-29,\N,22
256,1995,17,Australian Grand Prix,1995-11-12,\N,29
257,1994,1,Brazilian Grand Prix,1994-03-27,\N,18
258,1994,2,Pacific Grand Prix,1994-04-17,\N,28
259,1994,3,San Marino Grand Prix,1994-05-01,\N,21
260,1994,4,Monaco Grand Prix,1994-05-15,\N,6
261,1994,5,Spanish Grand Prix,1994-05-29,\N,4
262,1994,6,Canadian Grand Prix,1994-06-12,\N,7
263,1994,7,French Grand Prix,1994-07-03,\N,8
264,1994,8,British Grand Prix,1994-07-10,\N,9
265,1994,9,German Grand Prix,1994-07-31,\N,10
266,1994,10,Hungarian Grand Prix,1994-08-14,\N,11
267,1994,11,Belgian Grand Prix,1994-08-28,\N,13
268,1994,12,Italian Grand Prix,1994-09-11,\N,14
269,1994,13,Portuguese Grand Prix,1994-09-25,\N,27
270,1994,14,European Grand Prix,1994-10-16,\N,26
271,1994,15,Japanese Grand Prix,1994-11-06,\N,22
272,1994,16,Australian Grand Prix,1994-11-13,\N,29
273,1993,1,South African Grand Prix,1993-03-14,\N,30
274,1993,2,Brazilian Grand Prix,1993-03-28,\N,18
275,1993,3,European Grand Prix,1993-04-11,\N,31
276,1993,4,San Marino Grand Prix,1993-04-25,\N,21
277,1993,5,Spanish Grand Prix,1993-05-09,\N,4
278,1993,6,Monaco Grand Prix,1993-05-23,\N,6
279,1993,7,Canadian Grand Prix,1993-06-13,\N,7
280,1993,8,French Grand Prix,1993-07-04,\N,8
281,1993,9,British Grand Prix,1993-07-11,\N,9
282,1993,10,German Grand Prix,1993-07-25,\N,10
283,1993,11,Hungarian Grand Prix,1993-08-15,\N,11
284,1993,12,Belgian Grand Prix,1993-08-29,\N,13
285,1993,13,Italian Grand Prix,1993-09-12,\N,14
286,1993,14,Portuguese Grand Prix,1993-09-26,\N,27
287,1993,15,Japanese Grand Prix,1993-10-24,\N,22
288,1993,16,Australian Grand Prix,1993-11-07,\N,29
289,1992,1,South African Grand Prix,1992-03-01,\N,30
290,1992,2,Mexican Grand Prix,1992-03-22,\N,32
291,1992,3,Brazilian Grand Prix,1992-04-05,\N,18
292,1992,4,Spanish Grand Prix,1992-05-03,\N,4
293,1992,5,San Marino Grand Prix,1992-05-17,\N,21
294,1992,6,Monaco Grand Prix,1992-05-31,\N,6
295,1992,7,Canadian Grand Prix,1992-06-14,\N,7
296,1992,8,French Grand Prix,1992-07-05,\N,8
297,1992,9,British Grand Prix,1992-07-12,\N,9
298,1992,10,German Grand Prix,1992-07-26,\N,10
299,1992,11,Hungarian Grand Prix,1992-08-16,\N,11
300,1992,12,Belgian Grand Prix,1992-08-30,\N,13
301,1992,13,Italian Grand Prix,1992-09-13,\N,14
302,1992,14,Portuguese Grand Prix,1992-09-27,\N,27
303,1992,15,Japanese Grand Prix,1992-10-25,\N,22
304,1992,16,Australian Grand Prix,1992-11-08,\N,29
305,1991,1,United States Grand Prix,1991-03-10,\N,33
306,1991,2,Brazilian Grand Prix,1991-03-24,\N,18
307,1991,3,San Marino Grand Prix,1991-04-28,\N,21
308,1991,4,Monaco Grand Prix,1991-05-12,\N,6
309,1991,5,Canadian Grand Prix,1991-06-02,\N,7
310,1991,6,Mexican Grand Prix,1991-06-16,\N,32
311,1991,7,French Grand Prix,1991-07-07,\N,8
312,1991,8,British Grand Prix,1991-07-14,\N,9
313,1991,9,German Grand Prix,1991-07-28,\N,10
314,1991,10,Hungarian Grand Prix,1991-08-11,\N,11
315,1991,11,Belgian Grand Prix,1991-08-25,\N,13
316,1991,12,Italian Grand Prix,1991-09-08,\N,14
317,1991,13,Portuguese Grand Prix,1991-09-22,\N,27
318,1991,14,Spanish Grand Prix,1991-09-29,\N,4
319,1991,15,Japanese Grand Prix,1991-10-20,\N,22
320,1991,16,Australian Grand Prix,1991-11-03,\N,29
321,1990,1,United States Grand Prix,1990-03-11,\N,33
322,1990,2,Brazilian Grand Prix,1990-03-25,\N,18
323,1990,3,San Marino Grand Prix,1990-05-13,\N,21
324,1990,4,Monaco Grand Prix,1990-05-27,\N,6
325,1990,5,Canadian Grand Prix,1990-06-10,\N,7
326,1990,6,Mexican Grand Prix,1990-06-24,\N,32
327,1990,7,French Grand Prix,1990-07-08,\N,34
328,1990,8,British Grand Prix,1990-07-15,\N,9
329,1990,9,German Grand Prix,1990-07-29,\N,10
330,1990,10,Hungarian Grand Prix,1990-08-12,\N,11
331,1990,11,Belgian Grand Prix,1990-08-26,\N,13
332,1990,12,Italian Grand Prix,1990-09-09,\N,14
333,1990,13,Portuguese Grand Prix,1990-09-23,\N,27
334,1990,14,Spanish Grand Prix,1990-09-30,\N,26
335,1990,15,Japanese Grand Prix,1990-10-21,\N,22
336,1990,16,Australian Grand Prix,1990-11-04,\N,29
337,2010,1,Bahrain Grand Prix,2010-03-14,12:00:00,3
338,2010,2,Australian Grand Prix,2010-03-28,06:00:00,1
339,2010,3,Malaysian Grand Prix,2010-04-04,08:00:00,2
340,2010,4,Chinese Grand Prix,2010-04-18,06:00:00,17
341,2010,5,Spanish Grand Prix,2010-05-09,12:00:00,4
342,2010,6,Monaco Grand Prix,2010-05-16,12:00:00,6
343,2010,7,Turkish Grand Prix,2010-05-30,11:00:00,5
344,2010,8,Canadian Grand Prix,2010-06-13,16:00:00,7
345,2010,9,European Grand Prix,2010-06-27,12:00:00,12
346,2010,10,British Grand Prix,2010-07-11,12:00:00,9
347,2010,11,German Grand Prix,2010-07-25,12:00:00,10
348,2010,12,Hungarian Grand Prix,2010-08-01,12:00:00,11
349,2010,13,Belgian Grand Prix,2010-08-29,12:00:00,13
350,2010,14,Italian Grand Prix,2010-09-12,12:00:00,14
351,2010,15,Singapore Grand Prix,2010-09-26,12:00:00,15
352,2010,16,Japanese Grand Prix,2010-10-10,06:00:00,22
353,2010,17,Korean Grand Prix,2010-10-24,05:00:00,35
354,2010,18,Brazilian Grand Prix,2010-11-07,16:00:00,18
355,2010,19,Abu Dhabi Grand Prix,2010-11-14,13:00:00,24
356,1989,1,Brazilian Grand Prix,1989-03-26,\N,36
357,1989,2,San Marino Grand Prix,1989-04-23,\N,21
358,1989,3,Monaco Grand Prix,1989-05-07,\N,6
359,1989,4,Mexican Grand Prix,1989-05-28,\N,32
360,1989,5,United States Grand Prix,1989-06-04,\N,33
361,1989,6,Canadian Grand Prix,1989-06-18,\N,7
362,1989,7,French Grand Prix,1989-07-09,\N,34
363,1989,8,British Grand Prix,1989-07-16,\N,9
364,1989,9,German Grand Prix,1989-07-30,\N,10
365,1989,10,Hungarian Grand Prix,1989-08-13,\N,11
366,1989,11,Belgian Grand Prix,1989-08-27,\N,13
367,1989,12,Italian Grand Prix,1989-09-10,\N,14
368,1989,13,Portuguese Grand Prix,1989-09-24,\N,27
369,1989,14,Spanish Grand Prix,1989-10-01,\N,26
370,1989,15,Japanese Grand Prix,1989-10-22,\N,22
371,1989,16,Australian Grand Prix,1989-11-05,\N,29
372,1988,1,Brazilian Grand Prix,1988-04-03,\N,36
373,1988,2,San Marino Grand Prix,1988-05-01,\N,21
374,1988,3,Monaco Grand Prix,1988-05-15,\N,6
375,1988,4,Mexican Grand Prix,1988-05-29,\N,32
376,1988,5,Canadian Grand Prix,1988-06-12,\N,7
377,1988,6,Detroit Grand Prix,1988-06-19,\N,37
378,1988,7,French Grand Prix,1988-07-03,\N,34
379,1988,8,British Grand Prix,1988-07-10,\N,9
380,1988,9,German Grand Prix,1988-07-24,\N,10
381,1988,10,Hungarian Grand Prix,1988-08-07,\N,11
382,1988,11,Belgian Grand Prix,1988-08-28,\N,13
383,1988,12,Italian Grand Prix,1988-09-11,\N,14
384,1988,13,Portuguese Grand Prix,1988-09-25,\N,27
385,1988,14,Spanish Grand Prix,1988-10-02,\N,26
386,1988,15,Japanese Grand Prix,1988-10-30,\N,22
387,1988,16,Australian Grand Prix,1988-11-13,\N,29
388,1987,1,Brazilian Grand Prix,1987-04-12,\N,36
389,1987,2,San Marino Grand Prix,1987-05-03,\N,21
390,1987,3,Belgian Grand Prix,1987-05-17,\N,13
391,1987,4,Monaco Grand Prix,1987-05-31,\N,6
392,1987,5,Detroit Grand Prix,1987-06-21,\N,37
393,1987,6,French Grand Prix,1987-07-05,\N,34
394,1987,7,British Grand Prix,1987-07-12,\N,9
395,1987,8,German Grand Prix,1987-07-26,\N,10
396,1987,9,Hungarian Grand Prix,1987-08-09,\N,11
397,1987,10,Austrian Grand Prix,1987-08-16,\N,70
398,1987,11,Italian Grand Prix,1987-09-06,\N,14
399,1987,12,Portuguese Grand Prix,1987-09-20,\N,27
400,1987,13,Spanish Grand Prix,1987-09-27,\N,26
401,1987,14,Mexican Grand Prix,1987-10-18,\N,32
402,1987,15,Japanese Grand Prix,1987-11-01,\N,22
403,1987,16,Australian Grand Prix,1987-11-15,\N,29
404,1986,1,Brazilian Grand Prix,1986-03-23,\N,36
405,1986,2,Spanish Grand Prix,1986-04-13,\N,26
406,1986,3,San Marino Grand Prix,1986-04-27,\N,21
407,1986,4,Monaco Grand Prix,1986-05-11,\N,6
408,1986,5,Belgian Grand Prix,1986-05-25,\N,13
409,1986,6,Canadian Grand Prix,1986-06-15,\N,7
410,1986,7,Detroit Grand Prix,1986-06-22,\N,37
411,1986,8,French Grand Prix,1986-07-06,\N,34
412,1986,9,British Grand Prix,1986-07-13,\N,38
413,1986,10,German Grand Prix,1986-07-27,\N,10
414,1986,11,Hungarian Grand Prix,1986-08-10,\N,11
415,1986,12,Austrian Grand Prix,1986-08-17,\N,70
416,1986,13,Italian Grand Prix,1986-09-07,\N,14
417,1986,14,Portuguese Grand Prix,1986-09-21,\N,27
418,1986,15,Mexican Grand Prix,1986-10-12,\N,32
419,1986,16,Australian Grand Prix,1986-10-26,\N,29
420,1985,1,Brazilian Grand Prix,1985-04-07,\N,36
421,1985,2,Portuguese Grand Prix,1985-04-21,\N,27
422,1985,3,San Marino Grand Prix,1985-05-05,\N,21
423,1985,4,Monaco Grand Prix,1985-05-19,\N,6
424,1985,5,Canadian Grand Prix,1985-06-16,\N,7
425,1985,6,Detroit Grand Prix,1985-06-23,\N,37
426,1985,7,French Grand Prix,1985-07-07,\N,34
427,1985,8,British Grand Prix,1985-07-21,\N,9
428,1985,9,German Grand Prix,1985-08-04,\N,20
429,1985,10,Austrian Grand Prix,1985-08-18,\N,70
430,1985,11,Dutch Grand Prix,1985-08-25,\N,39
431,1985,12,Italian Grand Prix,1985-09-08,\N,14
432,1985,13,Belgian Grand Prix,1985-09-15,\N,13
433,1985,14,European Grand Prix,1985-10-06,\N,38
434,1985,15,South African Grand Prix,1985-10-19,\N,30
435,1985,16,Australian Grand Prix,1985-11-03,\N,29
436,1984,1,Brazilian Grand Prix,1984-03-25,\N,36
437,1984,2,South African Grand Prix,1984-04-07,\N,30
438,1984,3,Belgian Grand Prix,1984-04-29,\N,40
439,1984,4,San Marino Grand Prix,1984-05-06,\N,21
440,1984,5,French Grand Prix,1984-05-20,\N,41
441,1984,6,Monaco Grand Prix,1984-06-03,\N,6
442,1984,7,Canadian Grand Prix,1984-06-17,\N,7
443,1984,8,Detroit Grand Prix,1984-06-24,\N,37
444,1984,9,Dallas Grand Prix,1984-07-08,\N,42
445,1984,10,British Grand Prix,1984-07-22,\N,38
446,1984,11,German Grand Prix,1984-08-05,\N,10
447,1984,12,Austrian Grand Prix,1984-08-19,\N,70
448,1984,13,Dutch Grand Prix,1984-08-26,\N,39
449,1984,14,Italian Grand Prix,1984-09-09,\N,14
450,1984,15,European Grand Prix,1984-10-07,\N,20
451,1984,16,Portuguese Grand Prix,1984-10-21,\N,27
452,1983,1,Brazilian Grand Prix,1983-03-13,\N,36
453,1983,2,United States Grand Prix West,1983-03-27,\N,43
454,1983,3,French Grand Prix,1983-04-17,\N,34
455,1983,4,San Marino Grand Prix,1983-05-01,\N,21
456,1983,5,Monaco Grand Prix,1983-05-15,\N,6
457,1983,6,Belgian Grand Prix,1983-05-22,\N,13
458,1983,7,Detroit Grand Prix,1983-06-05,\N,37
459,1983,8,Canadian Grand Prix,1983-06-12,\N,7
460,1983,9,British Grand Prix,1983-07-16,\N,9
461,1983,10,German Grand Prix,1983-08-07,\N,10
462,1983,11,Austrian Grand Prix,1983-08-14,\N,70
463,1983,12,Dutch Grand Prix,1983-08-28,\N,39
464,1983,13,Italian Grand Prix,1983-09-11,\N,14
465,1983,14,European Grand Prix,1983-09-25,\N,38
466,1983,15,South African Grand Prix,1983-10-15,\N,30
467,1982,1,South African Grand Prix,1982-01-23,\N,30
468,1982,2,Brazilian Grand Prix,1982-03-21,\N,36
469,1982,3,United States Grand Prix West,1982-04-04,\N,43
470,1982,4,San Marino Grand Prix,1982-04-25,\N,21
471,1982,5,Belgian Grand Prix,1982-05-09,\N,40
472,1982,6,Monaco Grand Prix,1982-05-23,\N,6
473,1982,7,Detroit Grand Prix,1982-06-06,\N,37
474,1982,8,Canadian Grand Prix,1982-06-13,\N,7
475,1982,9,Dutch Grand Prix,1982-07-03,\N,39
476,1982,10,British Grand Prix,1982-07-18,\N,38
477,1982,11,French Grand Prix,1982-07-25,\N,34
478,1982,12,German Grand Prix,1982-08-08,\N,10
479,1982,13,Austrian Grand Prix,1982-08-15,\N,70
480,1982,14,Swiss Grand Prix,1982-08-29,\N,41
481,1982,15,Italian Grand Prix,1982-09-12,\N,14
482,1982,16,Caesars Palace Grand Prix,1982-09-25,\N,44
483,1981,1,United States Grand Prix West,1981-03-15,\N,43
484,1981,2,Brazilian Grand Prix,1981-03-29,\N,36
485,1981,3,Argentine Grand Prix,1981-04-12,\N,25
486,1981,4,San Marino Grand Prix,1981-05-03,\N,21
487,1981,5,Belgian Grand Prix,1981-05-17,\N,40
488,1981,6,Monaco Grand Prix,1981-05-31,\N,6
489,1981,7,Spanish Grand Prix,1981-06-21,\N,45
490,1981,8,French Grand Prix,1981-07-05,\N,41
491,1981,9,British Grand Prix,1981-07-18,\N,9
492,1981,10,German Grand Prix,1981-08-02,\N,10
493,1981,11,Austrian Grand Prix,1981-08-16,\N,70
494,1981,12,Dutch Grand Prix,1981-08-30,\N,39
495,1981,13,Italian Grand Prix,1981-09-13,\N,14
496,1981,14,Canadian Grand Prix,1981-09-27,\N,7
497,1981,15,Caesars Palace Grand Prix,1981-10-17,\N,44
498,1980,1,Argentine Grand Prix,1980-01-13,\N,25
499,1980,2,Brazilian Grand Prix,1980-01-27,\N,18
500,1980,3,South African Grand Prix,1980-03-01,\N,30
501,1980,4,United States Grand Prix West,1980-03-30,\N,43
502,1980,5,Belgian Grand Prix,1980-05-04,\N,40
503,1980,6,Monaco Grand Prix,1980-05-18,\N,6
504,1980,7,French Grand Prix,1980-06-29,\N,34
505,1980,8,British Grand Prix,1980-07-13,\N,38
506,1980,9,German Grand Prix,1980-08-10,\N,10
507,1980,10,Austrian Grand Prix,1980-08-17,\N,70
508,1980,11,Dutch Grand Prix,1980-08-31,\N,39
509,1980,12,Italian Grand Prix,1980-09-14,\N,21
510,1980,13,Canadian Grand Prix,1980-09-28,\N,7
511,1980,14,United States Grand Prix,1980-10-05,\N,46
512,1979,1,Argentine Grand Prix,1979-01-21,\N,25
513,1979,2,Brazilian Grand Prix,1979-02-04,\N,18
514,1979,3,South African Grand Prix,1979-03-03,\N,30
515,1979,4,United States Grand Prix West,1979-04-08,\N,43
516,1979,5,Spanish Grand Prix,1979-04-29,\N,45
517,1979,6,Belgian Grand Prix,1979-05-13,\N,40
518,1979,7,Monaco Grand Prix,1979-05-27,\N,6
519,1979,8,French Grand Prix,1979-07-01,\N,41
520,1979,9,British Grand Prix,1979-07-14,\N,9
521,1979,10,German Grand Prix,1979-07-29,\N,10
522,1979,11,Austrian Grand Prix,1979-08-12,\N,70
523,1979,12,Dutch Grand Prix,1979-08-26,\N,39
524,1979,13,Italian Grand Prix,1979-09-09,\N,14
525,1979,14,Canadian Grand Prix,1979-09-30,\N,7
526,1979,15,United States Grand Prix,1979-10-07,\N,46
527,1978,1,Argentine Grand Prix,1978-01-15,\N,25
528,1978,2,Brazilian Grand Prix,1978-01-29,\N,36
529,1978,3,South African Grand Prix,1978-03-04,\N,30
530,1978,4,United States Grand Prix West,1978-04-02,\N,43
531,1978,5,Monaco Grand Prix,1978-05-07,\N,6
532,1978,6,Belgian Grand Prix,1978-05-21,\N,40
533,1978,7,Spanish Grand Prix,1978-06-04,\N,45
534,1978,8,Swedish Grand Prix,1978-06-17,\N,47
535,1978,9,French Grand Prix,1978-07-02,\N,34
536,1978,10,British Grand Prix,1978-07-16,\N,38
537,1978,11,German Grand Prix,1978-07-30,\N,10
538,1978,12,Austrian Grand Prix,1978-08-13,\N,70
539,1978,13,Dutch Grand Prix,1978-08-27,\N,39
540,1978,14,Italian Grand Prix,1978-09-10,\N,14
541,1978,15,United States Grand Prix,1978-10-01,\N,46
542,1978,16,Canadian Grand Prix,1978-10-08,\N,7
543,1977,1,Argentine Grand Prix,1977-01-09,\N,25
544,1977,2,Brazilian Grand Prix,1977-01-23,\N,18
545,1977,3,South African Grand Prix,1977-03-05,\N,30
546,1977,4,United States Grand Prix West,1977-04-03,\N,43
547,1977,5,Spanish Grand Prix,1977-05-08,\N,45
548,1977,6,Monaco Grand Prix,1977-05-22,\N,6
549,1977,7,Belgian Grand Prix,1977-06-05,\N,40
550,1977,8,Swedish Grand Prix,1977-06-19,\N,47
551,1977,9,French Grand Prix,1977-07-03,\N,41
552,1977,10,British Grand Prix,1977-07-16,\N,9
553,1977,11,German Grand Prix,1977-07-31,\N,10
554,1977,12,Austrian Grand Prix,1977-08-14,\N,70
555,1977,13,Dutch Grand Prix,1977-08-28,\N,39
556,1977,14,Italian Grand Prix,1977-09-11,\N,14
557,1977,15,United States Grand Prix,1977-10-02,\N,46
558,1977,16,Canadian Grand Prix,1977-10-09,\N,48
559,1977,17,Japanese Grand Prix,1977-10-23,\N,16
560,1976,1,Brazilian Grand Prix,1976-01-25,\N,18
561,1976,2,South African Grand Prix,1976-03-06,\N,30
562,1976,3,United States Grand Prix West,1976-03-28,\N,43
563,1976,4,Spanish Grand Prix,1976-05-02,\N,45
564,1976,5,Belgian Grand Prix,1976-05-16,\N,40
565,1976,6,Monaco Grand Prix,1976-05-30,\N,6
566,1976,7,Swedish Grand Prix,1976-06-13,\N,47
567,1976,8,French Grand Prix,1976-07-04,\N,34
568,1976,9,British Grand Prix,1976-07-18,\N,38
569,1976,10,German Grand Prix,1976-08-01,\N,20
570,1976,11,Austrian Grand Prix,1976-08-15,\N,70
571,1976,12,Dutch Grand Prix,1976-08-29,\N,39
572,1976,13,Italian Grand Prix,1976-09-12,\N,14
573,1976,14,Canadian Grand Prix,1976-10-03,\N,48
574,1976,15,United States Grand Prix,1976-10-10,\N,46
575,1976,16,Japanese Grand Prix,1976-10-24,\N,16
576,1975,1,Argentine Grand Prix,1975-01-12,\N,25
577,1975,2,Brazilian Grand Prix,1975-01-26,\N,18
578,1975,3,South African Grand Prix,1975-03-01,\N,30
579,1975,4,Spanish Grand Prix,1975-04-27,\N,49
580,1975,5,Monaco Grand Prix,1975-05-11,\N,6
581,1975,6,Belgian Grand Prix,1975-05-25,\N,40
582,1975,7,Swedish Grand Prix,1975-06-08,\N,47
583,1975,8,Dutch Grand Prix,1975-06-22,\N,39
584,1975,9,French Grand Prix,1975-07-06,\N,34
585,1975,10,British Grand Prix,1975-07-19,\N,9
586,1975,11,German Grand Prix,1975-08-03,\N,20
587,1975,12,Austrian Grand Prix,1975-08-17,\N,70
588,1975,13,Italian Grand Prix,1975-09-07,\N,14
589,1975,14,United States Grand Prix,1975-10-05,\N,46
590,1974,1,Argentine Grand Prix,1974-01-13,\N,25
591,1974,2,Brazilian Grand Prix,1974-01-27,\N,18
592,1974,3,South African Grand Prix,1974-03-30,\N,30
593,1974,4,Spanish Grand Prix,1974-04-28,\N,45
594,1974,5,Belgian Grand Prix,1974-05-12,\N,50
595,1974,6,Monaco Grand Prix,1974-05-26,\N,6
596,1974,7,Swedish Grand Prix,1974-06-09,\N,47
597,1974,8,Dutch Grand Prix,1974-06-23,\N,39
598,1974,9,French Grand Prix,1974-07-07,\N,41
599,1974,10,British Grand Prix,1974-07-20,\N,38
600,1974,11,German Grand Prix,1974-08-04,\N,20
601,1974,12,Austrian Grand Prix,1974-08-18,\N,70
602,1974,13,Italian Grand Prix,1974-09-08,\N,14
603,1974,14,Canadian Grand Prix,1974-09-22,\N,48
604,1974,15,United States Grand Prix,1974-10-06,\N,46
605,1973,1,Argentine Grand Prix,1973-01-28,\N,25
606,1973,2,Brazilian Grand Prix,1973-02-11,\N,18
607,1973,3,South African Grand Prix,1973-03-03,\N,30
608,1973,4,Spanish Grand Prix,1973-04-29,\N,49
609,1973,5,Belgian Grand Prix,1973-05-20,\N,40
610,1973,6,Monaco Grand Prix,1973-06-03,\N,6
611,1973,7,Swedish Grand Prix,1973-06-17,\N,47
612,1973,8,French Grand Prix,1973-07-01,\N,34
613,1973,9,British Grand Prix,1973-07-14,\N,9
614,1973,10,Dutch Grand Prix,1973-07-29,\N,39
615,1973,11,German Grand Prix,1973-08-05,\N,20
616,1973,12,Austrian Grand Prix,1973-08-19,\N,70
617,1973,13,Italian Grand Prix,1973-09-09,\N,14
618,1973,14,Canadian Grand Prix,1973-09-23,\N,48
619,1973,15,United States Grand Prix,1973-10-07,\N,46
620,1972,1,Argentine Grand Prix,1972-01-23,\N,25
621,1972,2,South African Grand Prix,1972-03-04,\N,30
622,1972,3,Spanish Grand Prix,1972-05-01,\N,45
623,1972,4,Monaco Grand Prix,1972-05-14,\N,6
624,1972,5,Belgian Grand Prix,1972-06-04,\N,50
625,1972,6,French Grand Prix,1972-07-02,\N,51
626,1972,7,British Grand Prix,1972-07-15,\N,38
627,1972,8,German Grand Prix,1972-07-30,\N,20
628,1972,9,Austrian Grand Prix,1972-08-13,\N,70
629,1972,10,Italian Grand Prix,1972-09-10,\N,14
630,1972,11,Canadian Grand Prix,1972-09-24,\N,48
631,1972,12,United States Grand Prix,1972-10-08,\N,46
632,1971,1,South African Grand Prix,1971-03-06,\N,30
633,1971,2,Spanish Grand Prix,1971-04-18,\N,49
634,1971,3,Monaco Grand Prix,1971-05-23,\N,6
635,1971,4,Dutch Grand Prix,1971-06-20,\N,39
636,1971,5,French Grand Prix,1971-07-04,\N,34
637,1971,6,British Grand Prix,1971-07-17,\N,9
638,1971,7,German Grand Prix,1971-08-01,\N,20
639,1971,8,Austrian Grand Prix,1971-08-15,\N,70
640,1971,9,Italian Grand Prix,1971-09-05,\N,14
641,1971,10,Canadian Grand Prix,1971-09-19,\N,48
642,1971,11,United States Grand Prix,1971-10-03,\N,46
643,1970,1,South African Grand Prix,1970-03-07,\N,30
644,1970,2,Spanish Grand Prix,1970-04-19,\N,45
645,1970,3,Monaco Grand Prix,1970-05-10,\N,6
646,1970,4,Belgian Grand Prix,1970-06-07,\N,13
647,1970,5,Dutch Grand Prix,1970-06-21,\N,39
648,1970,6,French Grand Prix,1970-07-05,\N,51
649,1970,7,British Grand Prix,1970-07-18,\N,38
650,1970,8,German Grand Prix,1970-08-02,\N,10
651,1970,9,Austrian Grand Prix,1970-08-16,\N,70
652,1970,10,Italian Grand Prix,1970-09-06,\N,14
653,1970,11,Canadian Grand Prix,1970-09-20,\N,52
654,1970,12,United States Grand Prix,1970-10-04,\N,46
655,1970,13,Mexican Grand Prix,1970-10-25,\N,32
656,1969,1,South African Grand Prix,1969-03-01,\N,30
657,1969,2,Spanish Grand Prix,1969-05-04,\N,49
658,1969,3,Monaco Grand Prix,1969-05-18,\N,6
659,1969,4,Dutch Grand Prix,1969-06-21,\N,39
660,1969,5,French Grand Prix,1969-07-06,\N,51
661,1969,6,British Grand Prix,1969-07-19,\N,9
662,1969,7,German Grand Prix,1969-08-03,\N,20
663,1969,8,Italian Grand Prix,1969-09-07,\N,14
664,1969,9,Canadian Grand Prix,1969-09-20,\N,48
665,1969,10,United States Grand Prix,1969-10-05,\N,46
666,1969,11,Mexican Grand Prix,1969-10-19,\N,32
667,1968,1,South African Grand Prix,1968-01-01,\N,30
668,1968,2,Spanish Grand Prix,1968-05-12,\N,45
669,1968,3,Monaco Grand Prix,1968-05-26,\N,6
670,1968,4,Belgian Grand Prix,1968-06-09,\N,13
671,1968,5,Dutch Grand Prix,1968-06-23,\N,39
672,1968,6,French Grand Prix,1968-07-07,\N,53
673,1968,7,British Grand Prix,1968-07-20,\N,38
674,1968,8,German Grand Prix,1968-08-04,\N,20
675,1968,9,Italian Grand Prix,1968-09-08,\N,14
676,1968,10,Canadian Grand Prix,1968-09-22,\N,52
677,1968,11,United States Grand Prix,1968-10-06,\N,46
678,1968,12,Mexican Grand Prix,1968-11-03,\N,32
679,1967,1,South African Grand Prix,1967-01-02,\N,30
680,1967,2,Monaco Grand Prix,1967-05-07,\N,6
681,1967,3,Dutch Grand Prix,1967-06-04,\N,39
682,1967,4,Belgian Grand Prix,1967-06-18,\N,13
683,1967,5,French Grand Prix,1967-07-02,\N,54
684,1967,6,British Grand Prix,1967-07-15,\N,9
685,1967,7,German Grand Prix,1967-08-06,\N,20
686,1967,8,Canadian Grand Prix,1967-08-27,\N,48
687,1967,9,Italian Grand Prix,1967-09-10,\N,14
688,1967,10,United States Grand Prix,1967-10-01,\N,46
689,1967,11,Mexican Grand Prix,1967-10-22,\N,32
690,1966,1,Monaco Grand Prix,1966-05-22,\N,6
691,1966,2,Belgian Grand Prix,1966-06-12,\N,13
692,1966,3,French Grand Prix,1966-07-03,\N,55
693,1966,4,British Grand Prix,1966-07-16,\N,38
694,1966,5,Dutch Grand Prix,1966-07-24,\N,39
695,1966,6,German Grand Prix,1966-08-07,\N,20
696,1966,7,Italian Grand Prix,1966-09-04,\N,14
697,1966,8,United States Grand Prix,1966-10-02,\N,46
698,1966,9,Mexican Grand Prix,1966-10-23,\N,32
699,1965,1,South African Grand Prix,1965-01-01,\N,56
700,1965,2,Monaco Grand Prix,1965-05-30,\N,6
701,1965,3,Belgian Grand Prix,1965-06-13,\N,13
702,1965,4,French Grand Prix,1965-06-27,\N,51
703,1965,5,British Grand Prix,1965-07-10,\N,9
704,1965,6,Dutch Grand Prix,1965-07-18,\N,39
705,1965,7,German Grand Prix,1965-08-01,\N,20
706,1965,8,Italian Grand Prix,1965-09-12,\N,14
707,1965,9,United States Grand Prix,1965-10-03,\N,46
708,1965,10,Mexican Grand Prix,1965-10-24,\N,32
709,1964,1,Monaco Grand Prix,1964-05-10,\N,6
710,1964,2,Dutch Grand Prix,1964-05-24,\N,39
711,1964,3,Belgian Grand Prix,1964-06-14,\N,13
712,1964,4,French Grand Prix,1964-06-28,\N,53
713,1964,5,British Grand Prix,1964-07-11,\N,38
714,1964,6,German Grand Prix,1964-08-02,\N,20
715,1964,7,Austrian Grand Prix,1964-08-23,\N,57
716,1964,8,Italian Grand Prix,1964-09-06,\N,14
717,1964,9,United States Grand Prix,1964-10-04,\N,46
718,1964,10,Mexican Grand Prix,1964-10-25,\N,32
719,1963,1,Monaco Grand Prix,1963-05-26,\N,6
720,1963,2,Belgian Grand Prix,1963-06-09,\N,13
721,1963,3,Dutch Grand Prix,1963-06-23,\N,39
722,1963,4,French Grand Prix,1963-06-30,\N,55
723,1963,5,British Grand Prix,1963-07-20,\N,9
724,1963,6,German Grand Prix,1963-08-04,\N,20
725,1963,7,Italian Grand Prix,1963-09-08,\N,14
726,1963,8,United States Grand Prix,1963-10-06,\N,46
727,1963,9,Mexican Grand Prix,1963-10-27,\N,32
728,1963,10,South African Grand Prix,1963-12-28,\N,56
729,1962,1,Dutch Grand Prix,1962-05-20,\N,39
730,1962,2,Monaco Grand Prix,1962-06-03,\N,6
731,1962,3,Belgian Grand Prix,1962-06-17,\N,13
732,1962,4,French Grand Prix,1962-07-08,\N,53
733,1962,5,British Grand Prix,1962-07-21,\N,58
734,1962,6,German Grand Prix,1962-08-05,\N,20
735,1962,7,Italian Grand Prix,1962-09-16,\N,14
736,1962,8,United States Grand Prix,1962-10-07,\N,46
737,1962,9,South African Grand Prix,1962-12-29,\N,56
738,1961,1,Monaco Grand Prix,1961-05-14,\N,6
739,1961,2,Dutch Grand Prix,1961-05-22,\N,39
740,1961,3,Belgian Grand Prix,1961-06-18,\N,13
741,1961,4,French Grand Prix,1961-07-02,\N,55
742,1961,5,British Grand Prix,1961-07-15,\N,58
743,1961,6,German Grand Prix,1961-08-06,\N,20
744,1961,7,Italian Grand Prix,1961-09-10,\N,14
745,1961,8,United States Grand Prix,1961-10-08,\N,46
746,1960,1,Argentine Grand Prix,1960-02-07,\N,25
747,1960,2,Monaco Grand Prix,1960-05-29,\N,6
748,1960,3,Indianapolis 500,1960-05-30,\N,19
749,1960,4,Dutch Grand Prix,1960-06-06,\N,39
750,1960,5,Belgian Grand Prix,1960-06-19,\N,13
751,1960,6,French Grand Prix,1960-07-03,\N,55
752,1960,7,British Grand Prix,1960-07-16,\N,9
753,1960,8,Portuguese Grand Prix,1960-08-14,\N,59
754,1960,9,Italian Grand Prix,1960-09-04,\N,14
755,1960,10,United States Grand Prix,1960-11-20,\N,60
756,1959,1,Monaco Grand Prix,1959-05-10,\N,6
757,1959,2,Indianapolis 500,1959-05-30,\N,19
758,1959,3,Dutch Grand Prix,1959-05-31,\N,39
759,1959,4,French Grand Prix,1959-07-05,\N,55
760,1959,5,British Grand Prix,1959-07-18,\N,58
761,1959,6,German Grand Prix,1959-08-02,\N,61
762,1959,7,Portuguese Grand Prix,1959-08-23,\N,62
763,1959,8,Italian Grand Prix,1959-09-13,\N,14
764,1959,9,United States Grand Prix,1959-12-12,\N,63
765,1958,1,Argentine Grand Prix,1958-01-19,\N,25
766,1958,2,Monaco Grand Prix,1958-05-18,\N,6
767,1958,3,Dutch Grand Prix,1958-05-26,\N,39
768,1958,4,Indianapolis 500,1958-05-30,\N,19
769,1958,5,Belgian Grand Prix,1958-06-15,\N,13
770,1958,6,French Grand Prix,1958-07-06,\N,55
771,1958,7,British Grand Prix,1958-07-19,\N,9
772,1958,8,German Grand Prix,1958-08-03,\N,20
773,1958,9,Portuguese Grand Prix,1958-08-24,\N,59
774,1958,10,Italian Grand Prix,1958-09-07,\N,14
775,1958,11,Moroccan Grand Prix,1958-10-19,\N,64
776,1957,1,Argentine Grand Prix,1957-01-13,\N,25
777,1957,2,Monaco Grand Prix,1957-05-19,\N,6
778,1957,3,Indianapolis 500,1957-05-30,\N,19
779,1957,4,French Grand Prix,1957-07-07,\N,53
780,1957,5,British Grand Prix,1957-07-20,\N,58
781,1957,6,German Grand Prix,1957-08-04,\N,20
782,1957,7,Pescara Grand Prix,1957-08-18,\N,65
783,1957,8,Italian Grand Prix,1957-09-08,\N,14
784,1956,1,Argentine Grand Prix,1956-01-22,\N,25
785,1956,2,Monaco Grand Prix,1956-05-13,\N,6
786,1956,3,Indianapolis 500,1956-05-30,\N,19
787,1956,4,Belgian Grand Prix,1956-06-03,\N,13
788,1956,5,French Grand Prix,1956-07-01,\N,55
789,1956,6,British Grand Prix,1956-07-14,\N,9
790,1956,7,German Grand Prix,1956-08-05,\N,20
791,1956,8,Italian Grand Prix,1956-09-02,\N,14
792,1955,1,Argentine Grand Prix,1955-01-16,\N,25
793,1955,2,Monaco Grand Prix,1955-05-22,\N,6
794,1955,3,Indianapolis 500,1955-05-30,\N,19
795,1955,4,Belgian Grand Prix,1955-06-05,\N,13
796,1955,5,Dutch Grand Prix,1955-06-19,\N,39
797,1955,6,British Grand Prix,1955-07-16,\N,58
798,1955,7,Italian Grand Prix,1955-09-11,\N,14
799,1954,1,Argentine Grand Prix,1954-01-17,\N,25
800,1954,2,Indianapolis 500,1954-05-31,\N,19
801,1954,3,Belgian Grand Prix,1954-06-20,\N,13
802,1954,4,French Grand Prix,1954-07-04,\N,55
803,1954,5,British Grand Prix,1954-07-17,\N,9
804,1954,6,German Grand Prix,1954-08-01,\N,20
805,1954,7,Swiss Grand Prix,1954-08-22,\N,66
806,1954,8,Italian Grand Prix,1954-09-05,\N,14
807,1954,9,Spanish Grand Prix,1954-10-24,\N,67
808,1953,1,Argentine Grand Prix,1953-01-18,\N,25
809,1953,2,Indianapolis 500,1953-05-30,\N,19
810,1953,3,Dutch Grand Prix,1953-06-07,\N,39
811,1953,4,Belgian Grand Prix,1953-06-21,\N,13
812,1953,5,French Grand Prix,1953-07-05,\N,55
813,1953,6,British Grand Prix,1953-07-18,\N,9
814,1953,7,German Grand Prix,1953-08-02,\N,20
815,1953,8,Swiss Grand Prix,1953-08-23,\N,66
816,1953,9,Italian Grand Prix,1953-09-13,\N,14
817,1952,1,Swiss Grand Prix,1952-05-18,\N,66
818,1952,2,Indianapolis 500,1952-05-30,\N,19
819,1952,3,Belgian Grand Prix,1952-06-22,\N,13
820,1952,4,French Grand Prix,1952-07-06,\N,53
821,1952,5,British Grand Prix,1952-07-19,\N,9
822,1952,6,German Grand Prix,1952-08-03,\N,20
823,1952,7,Dutch Grand Prix,1952-08-17,\N,39
824,1952,8,Italian Grand Prix,1952-09-07,\N,14
825,1951,1,Swiss Grand Prix,1951-05-27,\N,66
826,1951,2,Indianapolis 500,1951-05-30,\N,19
827,1951,3,Belgian Grand Prix,1951-06-17,\N,13
828,1951,4,French Grand Prix,1951-07-01,\N,55
829,1951,5,British Grand Prix,1951-07-14,\N,9
830,1951,6,German Grand Prix,1951-07-29,\N,20
831,1951,7,Italian Grand Prix,1951-09-16,\N,14
832,1951,8,Spanish Grand Prix,1951-10-28,\N,67
833,1950,1,British Grand Prix,1950-05-13,\N,9
834,1950,2,Monaco Grand Prix,1950-05-21,\N,6
835,1950,3,Indianapolis 500,1950-05-30,\N,19
836,1950,4,Swiss Grand Prix,1950-06-04,\N,66
837,1950,5,Belgian Grand Prix,1950-06-18,\N,13
838,1950,6,French Grand Prix,1950-07-02,\N,55
839,1950,7,Italian Grand Prix,1950-09-03,\N,14
841,2011,1,Australian Grand Prix,2011-03-27,06:00:00,1
842,2011,2,Malaysian Grand Prix,2011-04-10,08:00:00,2
843,2011,3,Chinese Grand Prix,2011-04-17,07:00:00,17
844,2011,4,Turkish Grand Prix,2011-05-08,12:00:00,5
845,2011,5,Spanish Grand Prix,2011-05-22,12:00:00,4
846,2011,6,Monaco Grand Prix,2011-05-29,12:00:00,6
847,2011,7,Canadian Grand Prix,2011-06-12,17:00:00,7
848,2011,8,European Grand Prix,2011-06-26,12:00:00,12
849,2011,9,British Grand Prix,2011-07-10,12:00:00,9
850,2011,10,German Grand Prix,2011-07-24,12:00:00,20
851,2011,11,Hungarian Grand Prix,2011-07-31,12:00:00,11
852,2011,12,Belgian Grand Prix,2011-08-28,12:00:00,13
853,2011,13,Italian Grand Prix,2011-09-11,12:00:00,14
854,2011,14,Singapore Grand Prix,2011-09-25,12:00:00,15
855,2011,15,Japanese Grand Prix,2011-10-09,06:00:00,22
856,2011,16,Korean Grand Prix,2011-10-16,06:00:00,35
857,2011,17,Indian Grand Prix,2011-10-30,09:30:00,68
858,2011,18,Abu Dhabi Grand Prix,2011-11-13,13:00:00,24
859,2011,19,Brazilian Grand Prix,2011-11-27,16:00:00,18
860,2012,1,Australian Grand Prix,2012-03-18,06:00:00,1
861,2012,2,Malaysian Grand Prix,2012-03-25,08:00:00,2
862,2012,3,Chinese Grand Prix,2012-04-15,07:00:00,17
863,2012,4,Bahrain Grand Prix,2012-04-22,12:00:00,3
864,2012,5,Spanish Grand Prix,2012-05-13,12:00:00,4
865,2012,6,Monaco Grand Prix,2012-05-27,12:00:00,6
866,2012,7,Canadian Grand Prix,2012-06-10,18:00:00,7
867,2012,8,European Grand Prix,2012-06-24,12:00:00,12
868,2012,9,British Grand Prix,2012-07-08,12:00:00,9
869,2012,10,German Grand Prix,2012-07-22,12:00:00,10
870,2012,11,Hungarian Grand Prix,2012-07-29,12:00:00,11
871,2012,12,Belgian Grand Prix,2012-09-02,12:00:00,13
872,2012,13,Italian Grand Prix,2012-09-09,12:00:00,14
873,2012,14,Singapore Grand Prix,2012-09-23,12:00:00,15
874,2012,15,Japanese Grand Prix,2012-10-07,06:00:00,22
875,2012,16,Korean Grand Prix,2012-10-14,06:00:00,35
876,2012,17,Indian Grand Prix,2012-10-28,09:30:00,68
877,2012,18,Abu Dhabi Grand Prix,2012-11-04,13:00:00,24
878,2012,19,United States Grand Prix,2012-11-18,19:00:00,69
879,2012,20,Brazilian Grand Prix,2012-11-25,16:00:00,18
880,2013,1,Australian Grand Prix,2013-03-17,06:00:00,1
881,2013,2,Malaysian Grand Prix,2013-03-24,08:00:00,2
882,2013,3,Chinese Grand Prix,2013-04-14,07:00:00,17
883,2013,4,Bahrain Grand Prix,2013-04-21,12:00:00,3
884,2013,5,Spanish Grand Prix,2013-05-12,12:00:00,4
885,2013,6,Monaco Grand Prix,2013-05-26,12:00:00,6
886,2013,7,Canadian Grand Prix,2013-06-09,18:00:00,7
887,2013,8,British Grand Prix,2013-06-30,12:00:00,9
888,2013,9,German Grand Prix,2013-07-07,12:00:00,20
890,2013,10,Hungarian Grand Prix,2013-07-28,12:00:00,11
891,2013,11,Belgian Grand Prix,2013-08-25,12:00:00,13
892,2013,12,Italian Grand Prix,2013-09-08,12:00:00,14
893,2013,13,Singapore Grand Prix,2013-09-22,12:00:00,15
894,2013,14,Korean Grand Prix,2013-10-06,06:00:00,35
895,2013,15,Japanese Grand Prix,2013-10-13,06:00:00,22
896,2013,16,Indian Grand Prix,2013-10-27,09:30:00,68
897,2013,17,Abu Dhabi Grand Prix,2013-11-03,13:00:00,24
898,2013,18,United States Grand Prix,2013-11-17,19:00:00,69
899,2013,19,Brazilian Grand Prix,2013-11-24,16:00:00,18
900,2014,1,Australian Grand Prix,2014-03-16,06:00:00,1
901,2014,2,Malaysian Grand Prix,2014-03-30,08:00:00,2
902,2014,3,Bahrain Grand Prix,2014-04-06,15:00:00,3
903,2014,4,Chinese Grand Prix,2014-04-20,07:00:00,17
904,2014,5,Spanish Grand Prix,2014-05-11,12:00:00,4
905,2014,6,Monaco Grand Prix,2014-05-25,12:00:00,6
906,2014,7,Canadian Grand Prix,2014-06-08,18:00:00,7
907,2014,8,Austrian Grand Prix,2014-06-22,12:00:00,70
908,2014,9,British Grand Prix,2014-07-06,12:00:00,9
909,2014,10,German Grand Prix,2014-07-20,12:00:00,10
910,2014,11,Hungarian Grand Prix,2014-07-27,12:00:00,11
911,2014,12,Belgian Grand Prix,2014-08-24,12:00:00,13
912,2014,13,Italian Grand Prix,2014-09-07,12:00:00,14
913,2014,14,Singapore Grand Prix,2014-09-21,12:00:00,15
914,2014,15,Japanese Grand Prix,2014-10-05,06:00:00,22
915,2014,16,Russian Grand Prix,2014-10-12,11:00:00,71
916,2014,17,United States Grand Prix,2014-11-02,20:00:00,69
917,2014,18,Brazilian Grand Prix,2014-11-09,16:00:00,18
918,2014,19,Abu Dhabi Grand Prix,2014-11-23,13:00:00,24
931,2015,6,Monaco Grand Prix,2015-05-24,12:00:00,6
932,2015,7,Canadian Grand Prix,2015-06-07,18:00:00,7
929,2015,4,Bahrain Grand Prix,2015-04-19,15:00:00,3
930,2015,5,Spanish Grand Prix,2015-05-10,12:00:00,4
928,2015,3,Chinese Grand Prix,2015-04-12,06:00:00,17
926,2015,1,Australian Grand Prix,2015-03-15,05:00:00,1
927,2015,2,Malaysian Grand Prix,2015-03-29,07:00:00,2
933,2015,8,Austrian Grand Prix,2015-06-21,12:00:00,70
934,2015,9,British Grand Prix,2015-07-05,12:00:00,9
936,2015,10,Hungarian Grand Prix,2015-07-26,12:00:00,11
937,2015,11,Belgian Grand Prix,2015-08-23,12:00:00,13
938,2015,12,Italian Grand Prix,2015-09-06,12:00:00,14
939,2015,13,Singapore Grand Prix,2015-09-20,12:00:00,15
940,2015,14,Japanese Grand Prix,2015-09-27,05:00:00,22
941,2015,15,Russian Grand Prix,2015-10-11,11:00:00,71
942,2015,16,United States Grand Prix,2015-10-25,19:00:00,69
943,2015,17,Mexican Grand Prix,2015-11-01,19:00:00,32
944,2015,18,Brazilian Grand Prix,2015-11-15,16:00:00,18
945,2015,19,Abu Dhabi Grand Prix,2015-11-29,13:00:00,24
948,2016,1,Australian Grand Prix,2016-03-20,05:00:00,1
949,2016,2,Bahrain Grand Prix,2016-04-03,15:00:00,3
950,2016,3,Chinese Grand Prix,2016-04-17,06:00:00,17
951,2016,4,Russian Grand Prix,2016-05-01,12:00:00,71
952,2016,5,Spanish Grand Prix,2016-05-15,12:00:00,4
953,2016,6,Monaco Grand Prix,2016-05-29,12:00:00,6
954,2016,7,Canadian Grand Prix,2016-06-12,18:00:00,7
955,2016,8,European Grand Prix,2016-06-19,13:00:00,73
956,2016,9,Austrian Grand Prix,2016-07-03,12:00:00,70
957,2016,10,British Grand Prix,2016-07-10,12:00:00,9
958,2016,11,Hungarian Grand Prix,2016-07-24,12:00:00,11
959,2016,12,German Grand Prix,2016-07-31,12:00:00,10
960,2016,13,Belgian Grand Prix,2016-08-28,12:00:00,13
961,2016,14,Italian Grand Prix,2016-09-04,12:00:00,14
962,2016,15,Singapore Grand Prix,2016-09-18,12:00:00,15
963,2016,16,Malaysian Grand Prix,2016-10-02,07:00:00,2
964,2016,17,Japanese Grand Prix,2016-10-09,05:00:00,22
965,2016,18,United States Grand Prix,2016-10-23,19:00:00,69
966,2016,19,Mexican Grand Prix,2016-10-30,19:00:00,32
967,2016,20,Brazilian Grand Prix,2016-11-13,16:00:00,18
968,2016,21,Abu Dhabi Grand Prix,2016-11-27,13:00:00,24
969,2017,1,Australian Grand Prix,2017-03-26,05:00:00,1
970,2017,2,Chinese Grand Prix,2017-04-09,06:00:00,17
971,2017,3,Bahrain Grand Prix,2017-04-16,15:00:00,3
972,2017,4,Russian Grand Prix,2017-04-30,12:00:00,71
973,2017,5,Spanish Grand Prix,2017-05-14,12:00:00,4
974,2017,6,Monaco Grand Prix,2017-05-28,12:00:00,6
975,2017,7,Canadian Grand Prix,2017-06-11,18:00:00,7
976,2017,8,Azerbaijan Grand Prix,2017-06-25,13:00:00,73
977,2017,9,Austrian Grand Prix,2017-07-09,12:00:00,70
978,2017,10,British Grand Prix,2017-07-16,12:00:00,9
979,2017,11,Hungarian Grand Prix,2017-07-30,12:00:00,11
980,2017,12,Belgian Grand Prix,2017-08-27,12:00:00,13
981,2017,13,Italian Grand Prix,2017-09-03,12:00:00,14
982,2017,14,Singapore Grand Prix,2017-09-17,12:00:00,15
983,2017,15,Malaysian Grand Prix,2017-10-01,07:00:00,2
984,2017,16,Japanese Grand Prix,2017-10-08,05:00:00,22
985,2017,17,United States Grand Prix,2017-10-22,19:00:00,69
986,2017,18,Mexican Grand Prix,2017-10-29,19:00:00,32
987,2017,19,Brazilian Grand Prix,2017-11-12,16:00:00,18
988,2017,20,Abu Dhabi Grand Prix,2017-11-26,13:00:00,24
989,2018,1,Australian Grand Prix,2018-03-25,05:10:00,1
990,2018,2,Bahrain Grand Prix,2018-04-08,15:10:00,3
991,2018,3,Chinese Grand Prix,2018-04-15,06:10:00,17
992,2018,4,Azerbaijan Grand Prix,2018-04-29,12:10:00,73
993,2018,5,Spanish Grand Prix,2018-05-13,13:10:00,4
994,2018,6,Monaco Grand Prix,2018-05-27,13:10:00,6
995,2018,7,Canadian Grand Prix,2018-06-10,18:10:00,7
996,2018,8,French Grand Prix,2018-06-24,14:10:00,34
997,2018,9,Austrian Grand Prix,2018-07-01,13:10:00,70
998,2018,10,British Grand Prix,2018-07-08,13:10:00,9
999,2018,11,German Grand Prix,2018-07-22,13:10:00,10
1000,2018,12,Hungarian Grand Prix,2018-07-29,13:10:00,11
1001,2018,13,Belgian Grand Prix,2018-08-26,13:10:00,13
1002,2018,14,Italian Grand Prix,2018-09-02,13:10:00,14
1003,2018,15,Singapore Grand Prix,2018-09-16,12:10:00,15
1004,2018,16,Russian Grand Prix,2018-09-30,11:10:00,71
1005,2018,17,Japanese Grand Prix,2018-10-07,05:10:00,22
1006,2018,18,United States Grand Prix,2018-10-21,18:10:00,69
1007,2018,19,Mexican Grand Prix,2018-10-28,19:10:00,32
1008,2018,20,Brazilian Grand Prix,2018-11-11,17:10:00,18
1009,2018,21,Abu Dhabi Grand Prix,2018-11-25,13:10:00,24
1010,2019,1,Australian Grand Prix,2019-03-17,05:10:00,1
1011,2019,2,Bahrain Grand Prix,2019-03-31,15:10:00,3
1012,2019,3,Chinese Grand Prix,2019-04-14,06:10:00,17
1013,2019,4,Azerbaijan Grand Prix,2019-04-28,12:10:00,73
1014,2019,5,Spanish Grand Prix,2019-05-12,13:10:00,4
1015,2019,6,Monaco Grand Prix,2019-05-26,13:10:00,6
1016,2019,7,Canadian Grand Prix,2019-06-09,18:10:00,7
1017,2019,8,French Grand Prix,2019-06-23,13:10:00,34
1018,2019,9,Austrian Grand Prix,2019-06-30,13:10:00,70
1019,2019,10,British Grand Prix,2019-07-14,13:10:00,9
1020,2019,11,German Grand Prix,2019-07-28,13:10:00,10
1021,2019,12,Hungarian Grand Prix,2019-08-04,13:10:00,11
1022,2019,13,Belgian Grand Prix,2019-09-01,13:10:00,13
1023,2019,14,Italian Grand Prix,2019-09-08,13:10:00,14
1024,2019,15,Singapore Grand Prix,2019-09-22,12:10:00,15
1025,2019,16,Russian Grand Prix,2019-09-29,11:10:00,71
1026,2019,17,Japanese Grand Prix,2019-10-13,05:10:00,22
1027,2019,18,Mexican Grand Prix,2019-10-27,19:10:00,32
1028,2019,19,United States Grand Prix,2019-11-03,19:10:00,69
1029,2019,20,Brazilian Grand Prix,2019-11-17,17:10:00,18
1030,2019,21,Abu Dhabi Grand Prix,2019-12-01,13:10:00,24
1031,2020,1,Austrian Grand Prix,2020-07-05,13:10:00,70
1032,2020,2,Styrian Grand Prix,2020-07-12,13:10:00,70
1033,2020,3,Hungarian Grand Prix,2020-07-19,13:10:00,11
1034,2020,4,British Grand Prix,2020-08-02,13:10:00,9
1035,2020,5,70th Anniversary Grand Prix,2020-08-09,13:10:00,9
1036,2020,6,Spanish Grand Prix,2020-08-16,13:10:00,4
1037,2020,7,Belgian Grand Prix,2020-08-30,13:10:00,13
1038,2020,8,Italian Grand Prix,2020-09-06,13:10:00,14
1039,2020,9,Tuscan Grand Prix,2020-09-13,13:10:00,76
1040,2020,10,Russian Grand Prix,2020-09-27,11:10:00,71
1041,2020,11,Eifel Grand Prix,2020-10-11,13:10:00,20
1042,2020,12,Portuguese Grand Prix,2020-10-25,12:10:00,75
1043,2020,13,Emilia Romagna Grand Prix,2020-11-01,12:10:00,21
1044,2020,14,Turkish Grand Prix,2020-11-15,10:10:00,5
1045,2020,15,Bahrain Grand Prix,2020-11-29,14:10:00,3
1046,2020,16,Sakhir Grand Prix,2020-12-06,17:10:00,3
1047,2020,17,Abu Dhabi Grand Prix,2020-12-13,13:10:00,24
1053,2021,2,Emilia Romagna Grand Prix,2021-04-18,13:00:00,21
1074,2022,1,Bahrain Grand Prix,2022-03-20,15:00:00,3
1052,2021,1,Bahrain Grand Prix,2021-03-28,15:00:00,3
1051,2021,20,Qatar Grand Prix,2021-11-21,14:00:00,78
1054,2021,3,Portuguese Grand Prix,2021-05-02,14:00:00,75
1055,2021,4,Spanish Grand Prix,2021-05-09,13:00:00,4
1056,2021,5,Monaco Grand Prix,2021-05-23,13:00:00,6
1057,2021,6,Azerbaijan Grand Prix,2021-06-06,12:00:00,73
1058,2021,8,Styrian Grand Prix,2021-06-27,13:00:00,70
1059,2021,7,French Grand Prix,2021-06-20,13:00:00,34
1060,2021,9,Austrian Grand Prix,2021-07-04,13:00:00,70
1061,2021,10,British Grand Prix,2021-07-18,14:00:00,9
1062,2021,11,Hungarian Grand Prix,2021-08-01,13:00:00,11
1063,2021,12,Belgian Grand Prix,2021-08-29,13:00:00,13
1064,2021,13,Dutch Grand Prix,2021-09-05,13:00:00,39
1065,2021,14,Italian Grand Prix,2021-09-12,13:00:00,14
1066,2021,15,Russian Grand Prix,2021-09-26,12:00:00,71
1067,2021,16,Turkish Grand Prix,2021-10-10,12:00:00,5
1069,2021,17,United States Grand Prix,2021-10-24,19:00:00,69
1070,2021,18,Mexico City Grand Prix,2021-11-07,19:00:00,32
1071,2021,19,So Paulo Grand Prix,2021-11-14,17:00:00,18
1072,2021,21,Saudi Arabian Grand Prix,2021-12-05,17:30:00,77
1073,2021,22,Abu Dhabi Grand Prix,2021-12-12,13:00:00,24
1075,2022,2,Saudi Arabian Grand Prix,2022-03-27,17:00:00,77
1076,2022,3,Australian Grand Prix,2022-04-10,05:00:00,1
1077,2022,4,Emilia Romagna Grand Prix,2022-04-24,13:00:00,21
1078,2022,5,Miami Grand Prix,2022-05-08,19:30:00,79
1079,2022,6,Spanish Grand Prix,2022-05-22,13:00:00,4
1080,2022,7,Monaco Grand Prix,2022-05-29,13:00:00,6
1081,2022,8,Azerbaijan Grand Prix,2022-06-12,11:00:00,73
1082,2022,9,Canadian Grand Prix,2022-06-19,18:00:00,7
1083,2022,10,British Grand Prix,2022-07-03,14:00:00,9
1084,2022,11,Austrian Grand Prix,2022-07-10,13:00:00,70
1085,2022,12,French Grand Prix,2022-07-24,13:00:00,34
1086,2022,13,Hungarian Grand Prix,2022-07-31,13:00:00,11
1087,2022,14,Belgian Grand Prix,2022-08-28,13:00:00,13
1088,2022,15,Dutch Grand Prix,2022-09-04,13:00:00,39
1089,2022,16,Italian Grand Prix,2022-09-11,13:00:00,14
1091,2022,17,Singapore Grand Prix,2022-10-02,12:00:00,15
1092,2022,18,Japanese Grand Prix,2022-10-09,05:00:00,22
1093,2022,19,United States Grand Prix,2022-10-23,19:00:00,69
1094,2022,20,Mexico City Grand Prix,2022-10-30,20:00:00,32
1095,2022,21,So Paulo Grand Prix,2022-11-13,18:00:00,18
1096,2022,22,Abu Dhabi Grand Prix,2022-11-20,13:00:00,24
1098,2023,1,Bahrain Grand Prix,2023-03-05,15:00:00,3
1099,2023,2,Saudi Arabian Grand Prix,2023-03-19,17:00:00,77
1100,2023,3,Australian Grand Prix,2023-04-02,05:00:00,1
1101,2023,4,Azerbaijan Grand Prix,2023-04-30,11:00:00,73
1102,2023,5,Miami Grand Prix,2023-05-07,19:30:00,79
1104,2023,6,Monaco Grand Prix,2023-05-28,13:00:00,6
1105,2023,7,Spanish Grand Prix,2023-06-04,13:00:00,4
1106,2023,8,Canadian Grand Prix,2023-06-18,18:00:00,7
1107,2023,9,Austrian Grand Prix,2023-07-02,13:00:00,70
1108,2023,10,British Grand Prix,2023-07-09,14:00:00,9
1109,2023,11,Hungarian Grand Prix,2023-07-23,13:00:00,11
1110,2023,12,Belgian Grand Prix,2023-07-30,13:00:00,13
1111,2023,13,Dutch Grand Prix,2023-08-27,13:00:00,39
1112,2023,14,Italian Grand Prix,2023-09-03,13:00:00,14
1113,2023,15,Singapore Grand Prix,2023-09-17,12:00:00,15
1114,2023,16,Japanese Grand Prix,2023-09-24,05:00:00,22
1115,2023,17,Qatar Grand Prix,2023-10-08,17:00:00,78
1116,2023,18,United States Grand Prix,2023-10-22,19:00:00,69
1117,2023,19,Mexico City Grand Prix,2023-10-29,20:00:00,32
1118,2023,20,So Paulo Grand Prix,2023-11-05,17:00:00,18
1119,2023,21,Las Vegas Grand Prix,2023-11-19,06:00:00,80
1120,2023,22,Abu Dhabi Grand Prix,2023-11-26,13:00:00,24
1121,2024,1,Bahrain Grand Prix,2024-03-02,15:00:00,3
1122,2024,2,Saudi Arabian Grand Prix,2024-03-09,17:00:00,77
1123,2024,3,Australian Grand Prix,2024-03-24,04:00:00,1
1124,2024,4,Japanese Grand Prix,2024-04-07,05:00:00,22
1125,2024,5,Chinese Grand Prix,2024-04-21,07:00:00,17
1126,2024,6,Miami Grand Prix,2024-05-05,20:00:00,79
1127,2024,7,Emilia Romagna Grand Prix,2024-05-19,13:00:00,21
1128,2024,8,Monaco Grand Prix,2024-05-26,13:00:00,6
1129,2024,9,Canadian Grand Prix,2024-06-09,18:00:00,7
1130,2024,10,Spanish Grand Prix,2024-06-23,13:00:00,4
1131,2024,11,Austrian Grand Prix,2024-06-30,13:00:00,70
1132,2024,12,British Grand Prix,2024-07-07,14:00:00,9
1133,2024,13,Hungarian Grand Prix,2024-07-21,13:00:00,11
1134,2024,14,Belgian Grand Prix,2024-07-28,13:00:00,13
1135,2024,15,Dutch Grand Prix,2024-08-25,13:00:00,39
1136,2024,16,Italian Grand Prix,2024-09-01,13:00:00,14
1137,2024,17,Azerbaijan Grand Prix,2024-09-15,11:00:00,73
1138,2024,18,Singapore Grand Prix,2024-09-22,12:00:00,15
1139,2024,19,United States Grand Prix,2024-10-20,19:00:00,69
1140,2024,20,Mexico City Grand Prix,2024-10-27,20:00:00,32
1141,2024,21,So Paulo Grand Prix,2024-11-03,17:00:00,18
1142,2024,22,Las Vegas Grand Prix,2024-11-23,06:00:00,80
1143,2024,23,Qatar Grand Prix,2024-12-01,17:00:00,78
1144,2024,24,Abu Dhabi Grand Prix,2024-12-08,13:00:00,24
